"id","user","productName","price","image","description","creted_on"
"1","1","productName","sellingPrice","image","description","2021-06-25 19:47:44.989280+00:00"
"2","1","Brown office shoes","2745","WhatsApp Image 2021-04-09 at 03.46.51.webp","Amazing office shoes","2021-06-25 19:47:45.128401+00:00"
"3","1","Hookers","1278","WhatsApp Image 2021-04-12 at 11.42.38.webp","Amazing hooker shoes","2021-06-25 19:47:45.285406+00:00"
"4","1","Airforce213","1123","WhatsApp Image 2021-04-25 at 21.04.54.webp","Amazing airforce shoes","2021-06-25 19:47:45.466406+00:00"
"5","1","Gucci shoes","2009","WhatsApp Image 2021-04-09 at 03.47.54.webp","Amazing gucci shoes","2021-06-25 19:47:45.573405+00:00"
"6","1","Pink dress","540","WhatsApp Image 2021-04-14 at 04.55.58.webp","Amazing pink dress","2021-06-25 19:47:45.746404+00:00"
"7","1","Jeans","576","WhatsApp Image 2021-04-12 at 11.45.07.webp","Amazing jeans pair","2021-06-25 19:47:45.929404+00:00"
"8","1","Pallazo pants","850","WhatsApp Image 2021-04-18 at 21.21.51.webp","Amazing pallazo pants on sale","2021-06-25 19:47:46.105410+00:00"
"9","1","Airforce","2099","WhatsApp Image 2021-04-18 at 08.38.58.webp","Amazing airforce shoes","2021-06-25 19:47:46.287404+00:00"
"10","1","Sneakers","1097","WhatsApp Image 2021-04-11 at 03.03.47.webp","Amazing sneakers","2021-06-25 19:47:46.407406+00:00"
"11","1","Rubber shoes","1189","WhatsApp Image 2021-04-11 at 03.42.08.webp","Amazing rubber shoes","2021-06-25 19:47:46.585406+00:00"
"12","1","Shorts","450","WhatsApp Image 2021-04-12 at 11.47.00.webp","Amazing khaki shorts","2021-06-25 19:47:46.696406+00:00"
"13","1","Stripped dress","201","WhatsApp Image 2021-04-13 at 01.33.28.webp","Amazing dress outfit for dating","2021-06-25 19:47:46.847404+00:00"
